batch_size,mean_best_psnr
1,80.24114644304748
2,70.30135831775308
4,56.85504672485959
8,17.996688673844908
