local_epochs,split,acc_mean,acc_std
1,iid,0.8875000000000001,0.030618621784789753
1,noniid,0.8875000000000001,0.02700308624336609
5,iid,0.9250000000000002,0.020412414523193124
5,noniid,0.9291666666666667,0.031180478223116207
10,iid,0.9291666666666667,0.031180478223116207
10,noniid,0.9125,0.03061862178478971
20,iid,0.9458333333333334,0.015590239111558074
20,noniid,0.8958333333333334,0.032808366141715894
